{"0": 0.03142857142857143, "1": 0.054285714285714284, "2": 0.03428571428571429, "3": 0.045714285714285714, "4": 0.05142857142857143, "5": 0.04857142857142857, "6": 0.06, "7": 0.04285714285714286, "8": 0.04857142857142857, "9": 0.05142857142857143, "10": 0.05714285714285714, "11": 0.07142857142857142, "12": 0.05142857142857143, "13": 0.04, "14": 0.07714285714285714, "15": 0.054285714285714284, "16": 0.04857142857142857, "17": 0.045714285714285714, "18": 0.07142857142857142, "19": 0.05142857142857143, "20": 0.06, "21": 0.06571428571428571, "22": 0.05714285714285714, "23": 0.054285714285714284, "24": 0.037142857142857144, "25": 0.045714285714285714, "26": 0.04857142857142857, "27": 0.045714285714285714, "28": 0.05698005698005698, "29": 0.054285714285714284, "30": 0.05714285714285714, "31": 0.06571428571428571, "32": 0.04, "33": 0.05714285714285714, "34": 0.06, "35": 0.07142857142857142, "36": 0.04, "37": 0.05413105413105413, "38": 0.045714285714285714, "39": 0.04857142857142857, "40": 0.05142857142857143, "41": 0.04857142857142857, "42": 0.054285714285714284, "43": 0.06285714285714286, "44": 0.04285714285714286, "45": 0.037142857142857144, "46": 0.04, "47": 0.03428571428571429, "48": 0.06285714285714286, "49": 0.04857142857142857, "50": 0.04285714285714286, "51": 0.06857142857142857, "52": 0.06, "53": 0.054285714285714284, "54": 0.06, "55": 0.05142857142857143, "56": 0.05714285714285714, "57": 0.04285714285714286, "58": 0.045714285714285714, "59": 0.06571428571428571, "60": 0.037142857142857144, "61": 0.04857142857142857, "62": 0.06, "63": 0.04, "64": 0.06571428571428571, "65": 0.06857142857142857, "66": 0.037142857142857144, "67": 0.06, "68": 0.045714285714285714, "69": 0.054285714285714284, "70": 0.04285714285714286, "71": 0.04, "72": 0.04285714285714286, "73": 0.037142857142857144, "74": 0.04857142857142857, "75": 0.02857142857142857, "76": 0.06837606837606838, "77": 0.02857142857142857, "78": 0.054285714285714284, "79": 0.054285714285714284, "80": 0.05714285714285714, "81": 0.05714285714285714, "82": 0.037142857142857144, "83": 0.037142857142857144, "84": 0.06857142857142857, "85": 0.04285714285714286, "86": 0.054285714285714284, "87": 0.06285714285714286}