{"0": 0.045714285714285714, "1": 0.057815845824411134, "2": 0.05857142857142857, "3": 0.05, "4": 0.054285714285714284, "5": 0.05857142857142857, "6": 0.04928571428571429, "7": 0.05285714285714286, "8": 0.05357142857142857, "9": 0.05285714285714286, "10": 0.052142857142857144, "11": 0.05563480741797432, "12": 0.047857142857142855, "13": 0.045714285714285714, "14": 0.05071428571428571, "15": 0.052142857142857144, "16": 0.054285714285714284, "17": 0.052142857142857144, "18": 0.045714285714285714, "19": 0.05785714285714286, "20": 0.052142857142857144, "21": 0.04857142857142857}