{"0": 0.07142857142857142, "1": 0.06857142857142857, "2": 0.08285714285714285, "3": 0.06857142857142857, "4": 0.0659025787965616, "5": 0.06571428571428571, "6": 0.06, "7": 0.07714285714285714, "8": 0.08522727272727272, "9": 0.08571428571428572, "10": 0.09714285714285714, "11": 0.06876790830945559, "12": 0.07714285714285714, "13": 0.07428571428571429, "14": 0.10256410256410256, "15": 0.08262108262108261, "16": 0.08262108262108261, "17": 0.08547008547008547, "18": 0.06267806267806268, "19": 0.06285714285714286, "20": 0.08022922636103152, "21": 0.08571428571428572, "22": 0.06285714285714286, "23": 0.09401709401709402, "24": 0.08571428571428572, "25": 0.06857142857142857, "26": 0.0659025787965616, "27": 0.07692307692307693, "28": 0.07692307692307693, "29": 0.07449856733524356, "30": 0.08857142857142856, "31": 0.08, "32": 0.08595988538681948, "33": 0.08831908831908832, "34": 0.07142857142857142, "35": 0.07714285714285714, "36": 0.06571428571428571, "37": 0.08571428571428572, "38": 0.06857142857142857, "39": 0.06552706552706553, "40": 0.06285714285714286, "41": 0.06837606837606838, "42": 0.08831908831908832, "43": 0.06, "44": 0.06857142857142857, "45": 0.08571428571428572, "46": 0.07142857142857142, "47": 0.08262108262108261, "48": 0.08, "49": 0.06857142857142857, "50": 0.08285714285714285, "51": 0.06571428571428571, "52": 0.07977207977207977, "53": 0.07428571428571429, "54": 0.07204610951008646, "55": 0.06571428571428571, "56": 0.07428571428571429, "57": 0.05714285714285714, "58": 0.07428571428571429, "59": 0.08571428571428572, "60": 0.07163323782234957, "61": 0.09428571428571429, "62": 0.07449856733524356, "63": 0.06837606837606838, "64": 0.06571428571428571, "65": 0.07954545454545454, "66": 0.07977207977207977, "67": 0.07736389684813753, "68": 0.07758620689655173, "69": 0.07407407407407407, "70": 0.07471264367816093, "71": 0.07142857142857142, "72": 0.06267806267806268, "73": 0.07428571428571429, "74": 0.09428571428571429, "75": 0.08, "76": 0.06267806267806268, "77": 0.07909604519774012, "78": 0.09142857142857143, "79": 0.07977207977207977, "80": 0.06876790830945559, "81": 0.0659025787965616, "82": 0.09401709401709402, "83": 0.06285714285714286, "84": 0.054441260744985676, "85": 0.07142857142857142, "86": 0.07449856733524356, "87": 0.06857142857142857}