{"0": 0.05028571428571429, "1": 0.05171428571428571, "2": 0.055142857142857146, "3": 0.05285714285714286, "4": 0.05, "5": 0.052571428571428575, "6": 0.06085714285714286, "7": 0.048285714285714286, "8": 0.053142857142857144}