{"0": 0.07567104511707595, "1": 0.07363013698630137, "2": 0.0739577384351799, "3": 0.07905251141552512, "4": 0.06841505131128849, "5": 0.07918810748999429, "6": 0.0759565962307253, "7": 0.07004002287021155, "8": 0.07850413930916357}