{"0": 0.007714285714285714, "1": 0.006571428571428572, "2": 0.007714285714285714, "3": 0.012571428571428572, "4": 0.006857142857142857, "5": 0.009142857142857144, "6": 0.010571428571428572, "7": 0.005142857142857143, "8": 0.007714285714285714}