{"0": 0.08059914407988587, "1": 0.07285714285714286, "2": 0.08571428571428572, "3": 0.07571428571428572, "4": 0.06642857142857143, "5": 0.06776034236804565, "6": 0.06419400855920114, "7": 0.07423269093504639, "8": 0.0728051391862955, "9": 0.07560627674750357, "10": 0.07582260371959942, "11": 0.06928571428571428, "12": 0.0877318116975749, "13": 0.07851534618129907, "14": 0.07791279485346676, "15": 0.07351891506067094, "16": 0.07285714285714286, "17": 0.07301360057265568, "18": 0.06771204561653599, "19": 0.07571428571428572, "20": 0.07785714285714286, "21": 0.06928571428571428}