{"0": 0.009285714285714286, "1": 0.009285714285714286, "2": 0.007142857142857143, "3": 0.002857142857142857, "4": 0.009285714285714286, "5": 0.007857142857142858, "6": 0.012142857142857143, "7": 0.012142857142857143, "8": 0.014285714285714285, "9": 0.005714285714285714, "10": 0.005714285714285714, "11": 0.010714285714285714, "12": 0.017142857142857144, "13": 0.005, "14": 0.004285714285714286, "15": 0.01, "16": 0.004285714285714286, "17": 0.011428571428571429, "18": 0.005714285714285714, "19": 0.005, "20": 0.007142857142857143, "21": 0.005}