{"0": 0.007142857142857143, "1": 0.0007142857142857143, "2": 0.005, "3": 0.0035714285714285713, "4": 0.010714285714285714, "5": 0.005, "6": 0.0007142857142857143, "7": 0.005714285714285714, "8": 0.0035714285714285713, "9": 0.002857142857142857, "10": 0.008571428571428572, "11": 0.0007142857142857143, "12": 0.002857142857142857, "13": 0.0, "14": 0.002142857142857143, "15": 0.0007142857142857143, "16": 0.012142857142857143, "17": 0.0014285714285714286, "18": 0.007142857142857143, "19": 0.005714285714285714, "20": 0.005, "21": 0.0014285714285714286}