{"0": 0.008571428571428572, "1": 0.002857142857142857, "2": 0.011428571428571429, "3": 0.002857142857142857, "4": 0.02, "5": 0.014285714285714285, "6": 0.008571428571428572, "7": 0.008571428571428572, "8": 0.002857142857142857, "9": 0.0, "10": 0.008571428571428572, "11": 0.011428571428571429, "12": 0.002857142857142857, "13": 0.005714285714285714, "14": 0.005714285714285714, "15": 0.002857142857142857, "16": 0.008571428571428572, "17": 0.014285714285714285, "18": 0.008571428571428572, "19": 0.002857142857142857, "20": 0.008571428571428572, "21": 0.005714285714285714, "22": 0.0, "23": 0.017142857142857144, "24": 0.008571428571428572, "25": 0.008571428571428572, "26": 0.0, "27": 0.014285714285714285, "28": 0.014285714285714285, "29": 0.022857142857142857, "30": 0.017142857142857144, "31": 0.008571428571428572, "32": 0.002857142857142857, "33": 0.005714285714285714, "34": 0.008571428571428572, "35": 0.002857142857142857, "36": 0.0, "37": 0.0, "38": 0.014285714285714285, "39": 0.008571428571428572, "40": 0.005714285714285714, "41": 0.002857142857142857, "42": 0.011428571428571429, "43": 0.002857142857142857, "44": 0.005714285714285714, "45": 0.017142857142857144, "46": 0.014285714285714285, "47": 0.0, "48": 0.005714285714285714, "49": 0.02, "50": 0.005714285714285714, "51": 0.002857142857142857, "52": 0.002857142857142857, "53": 0.0, "54": 0.011428571428571429, "55": 0.005714285714285714, "56": 0.008571428571428572, "57": 0.0, "58": 0.011428571428571429, "59": 0.005714285714285714, "60": 0.005714285714285714, "61": 0.011428571428571429, "62": 0.008571428571428572, "63": 0.008571428571428572, "64": 0.008571428571428572, "65": 0.025714285714285714, "66": 0.022857142857142857, "67": 0.005714285714285714, "68": 0.011428571428571429, "69": 0.008571428571428572, "70": 0.011428571428571429, "71": 0.005714285714285714, "72": 0.005714285714285714, "73": 0.005714285714285714, "74": 0.008571428571428572, "75": 0.014285714285714285, "76": 0.008571428571428572, "77": 0.002857142857142857, "78": 0.0, "79": 0.0, "80": 0.0, "81": 0.014285714285714285, "82": 0.002857142857142857, "83": 0.02857142857142857, "84": 0.0, "85": 0.011428571428571429, "86": 0.014285714285714285, "87": 0.002857142857142857}