{"0": 0.002285714285714286, "1": 0.0005714285714285715, "2": 0.004571428571428572, "3": 0.006571428571428572, "4": 0.006, "5": 0.00028571428571428574, "6": 0.006285714285714286, "7": 0.002857142857142857, "8": 0.0005714285714285715}