{"0": 0.017142857142857144, "1": 0.0, "2": 0.005714285714285714, "3": 0.0, "4": 0.005714285714285714, "5": 0.0, "6": 0.0, "7": 0.002857142857142857, "8": 0.008571428571428572, "9": 0.017142857142857144, "10": 0.008571428571428572, "11": 0.005714285714285714, "12": 0.0, "13": 0.002857142857142857, "14": 0.0, "15": 0.005714285714285714, "16": 0.0, "17": 0.0, "18": 0.011428571428571429, "19": 0.014285714285714285, "20": 0.0, "21": 0.0, "22": 0.008571428571428572, "23": 0.0, "24": 0.014285714285714285, "25": 0.002857142857142857, "26": 0.002857142857142857, "27": 0.0, "28": 0.005714285714285714, "29": 0.005714285714285714, "30": 0.0, "31": 0.0, "32": 0.002857142857142857, "33": 0.0, "34": 0.005714285714285714, "35": 0.0, "36": 0.002857142857142857, "37": 0.0, "38": 0.002857142857142857, "39": 0.008571428571428572, "40": 0.0, "41": 0.0, "42": 0.0, "43": 0.008571428571428572, "44": 0.011428571428571429, "45": 0.0, "46": 0.005714285714285714, "47": 0.0, "48": 0.0, "49": 0.002857142857142857, "50": 0.0, "51": 0.0, "52": 0.0, "53": 0.011428571428571429, "54": 0.002857142857142857, "55": 0.0, "56": 0.002857142857142857, "57": 0.005714285714285714, "58": 0.0, "59": 0.002857142857142857, "60": 0.005714285714285714, "61": 0.0, "62": 0.0, "63": 0.002857142857142857, "64": 0.005714285714285714, "65": 0.002857142857142857, "66": 0.0, "67": 0.0, "68": 0.0, "69": 0.005714285714285714, "70": 0.0, "71": 0.002857142857142857, "72": 0.017142857142857144, "73": 0.0, "74": 0.0, "75": 0.008571428571428572, "76": 0.0, "77": 0.0, "78": 0.0, "79": 0.0, "80": 0.0, "81": 0.008571428571428572, "82": 0.0, "83": 0.0, "84": 0.011428571428571429, "85": 0.0, "86": 0.0, "87": 0.0}