{"0": 0.007142857142857143, "1": 0.0, "2": 0.0035714285714285713, "3": 0.0014285714285714286, "4": 0.01, "5": 0.005, "6": 0.0007142857142857143, "7": 0.005714285714285714, "8": 0.002142857142857143, "9": 0.002857142857142857, "10": 0.005, "11": 0.0007142857142857143, "12": 0.0007142857142857143, "13": 0.0, "14": 0.0014285714285714286, "15": 0.0007142857142857143, "16": 0.009285714285714286, "17": 0.0014285714285714286, "18": 0.007142857142857143, "19": 0.005, "20": 0.005, "21": 0.0}