{"0": 0.003142857142857143, "1": 0.0005714285714285715, "2": 0.006571428571428572, "3": 0.006571428571428572, "4": 0.006, "5": 0.001142857142857143, "6": 0.007714285714285714, "7": 0.0034285714285714284, "8": 0.002}